{"NYU-02_2": 0.5742603524294715, "CSHL_014_1": 0.6090935811427911, "CSHL_004_3": 0.5359541293121273, "ibl_witten_12_1": 0.6150570414767357, "NYU-07_0": 0.5880024349174222, "CSHL_008_4": 0.6233195533911372, "CSHL_008_0": 0.6539761631664478, "ibl_witten_12_3": 0.6018923274369526, "ibl_witten_16_4": 0.6095078329780124, "ibl_witten_12_2": 0.6215732549334083, "CSHL_008_1": 0.6602427787046924, "CSHL_003_4": 0.5726938345999559, "CSHL_003_0": 0.576558152338823, "NYU-07_2": 0.6014744104539701, "NYU-07_1": 0.5899560356698261, "CSHL_004_2": 0.5344134303393062, "NYU-02_0": 0.5750953371378494, "NYU-02_1": 0.5832940259415017, "ibl_witten_16_2": 0.6211973291416101, "CSHL_004_0": 0.5366964513013467, "CSHL_014_2": 0.5842966401902765, "NYU-02_4": 0.5799025705513096, "CSHL_014_0": 0.5888776190063941, "CSHL_010_1": 0.583524411847881, "ibl_witten_16_1": 0.6275136688047368, "CSHL_008_2": 0.6509717301124917, "CSHL_010_2": 0.5892797428964204, "CSHL_010_3": 0.5891444449457651, "NYU-07_4": 0.5759463920203378, "CSHL_010_4": 0.5748941012133271, "CSHL_003_2": 0.5716698002755821, "CSHL_014_4": 0.5796337269143407, "CSHL_004_4": 0.5316751303062159, "ibl_witten_12_0": 0.6159781829689837, "CSHL_014_3": 0.580649990318701, "CSHL_008_3": 0.6646388386394874, "CSHL_004_1": 0.5446279721271942, "ibl_witten_16_0": 0.6125520779779476, "CSHL_003_1": 0.5772199387460051, "ibl_witten_16_3": 0.6280123324812148, "CSHL_010_0": 0.5918154192061804, "NYU-07_3": 0.5799127620970235, "CSHL_003_3": 0.5596178996243325, "NYU-02_3": 0.5979402017043868, "ibl_witten_12_4": 0.6054067891526308}